,Airport,City,City_Name,Des,DesCity,DesCity_Name
1143,ISL,IST,ISTANBUL,AAP,HOU,ISTANBUL
1145,IST,IST,ISTANBUL,AAP,HOU,ISTANBUL
2239,SAW,IST,ISTANBUL,AAP,HOU,ISTANBUL
1143,ISL,IST,ISTANBUL,ABZ,ABZ,ISTANBUL
1145,IST,IST,ISTANBUL,ABZ,ABZ,ISTANBUL
2239,SAW,IST,ISTANBUL,ABZ,ABZ,ISTANBUL
1143,ISL,IST,ISTANBUL,ACC,ACC,ISTANBUL
1145,IST,IST,ISTANBUL,ACC,ACC,ISTANBUL
2239,SAW,IST,ISTANBUL,ACC,ACC,ISTANBUL
1143,ISL,IST,ISTANBUL,ADA,ADA,ISTANBUL
1145,IST,IST,ISTANBUL,ADA,ADA,ISTANBUL
2239,SAW,IST,ISTANBUL,ADA,ADA,ISTANBUL
1143,ISL,IST,ISTANBUL,ADB,IZM,ISTANBUL
1145,IST,IST,ISTANBUL,ADB,IZM,ISTANBUL
2239,SAW,IST,ISTANBUL,ADB,IZM,ISTANBUL
1143,ISL,IST,ISTANBUL,AEP,BUE,ISTANBUL
1145,IST,IST,ISTANBUL,AEP,BUE,ISTANBUL
2239,SAW,IST,ISTANBUL,AEP,BUE,ISTANBUL
1143,ISL,IST,ISTANBUL,AGP,AGP,ISTANBUL
1145,IST,IST,ISTANBUL,AGP,AGP,ISTANBUL
2239,SAW,IST,ISTANBUL,AGP,AGP,ISTANBUL
1143,ISL,IST,ISTANBUL,AKX,AKX,ISTANBUL
1145,IST,IST,ISTANBUL,AKX,AKX,ISTANBUL
2239,SAW,IST,ISTANBUL,AKX,AKX,ISTANBUL
1143,ISL,IST,ISTANBUL,ALA,ALA,ISTANBUL
1145,IST,IST,ISTANBUL,ALA,ALA,ISTANBUL
2239,SAW,IST,ISTANBUL,ALA,ALA,ISTANBUL
1143,ISL,IST,ISTANBUL,ALG,ALG,ISTANBUL
1145,IST,IST,ISTANBUL,ALG,ALG,ISTANBUL
2239,SAW,IST,ISTANBUL,ALG,ALG,ISTANBUL
1143,ISL,IST,ISTANBUL,AMM,AMM,ISTANBUL
1145,IST,IST,ISTANBUL,AMM,AMM,ISTANBUL
2239,SAW,IST,ISTANBUL,AMM,AMM,ISTANBUL
1143,ISL,IST,ISTANBUL,AMS,AMS,ISTANBUL
1145,IST,IST,ISTANBUL,AMS,AMS,ISTANBUL
2239,SAW,IST,ISTANBUL,AMS,AMS,ISTANBUL
1143,ISL,IST,ISTANBUL,AQJ,AQJ,ISTANBUL
1145,IST,IST,ISTANBUL,AQJ,AQJ,ISTANBUL
2239,SAW,IST,ISTANBUL,AQJ,AQJ,ISTANBUL
1143,ISL,IST,ISTANBUL,ARN,STO,ISTANBUL
1145,IST,IST,ISTANBUL,ARN,STO,ISTANBUL
2239,SAW,IST,ISTANBUL,ARN,STO,ISTANBUL
1143,ISL,IST,ISTANBUL,ASB,ASB,ISTANBUL
1145,IST,IST,ISTANBUL,ASB,ASB,ISTANBUL
2239,SAW,IST,ISTANBUL,ASB,ASB,ISTANBUL
1143,ISL,IST,ISTANBUL,ASR,ASR,ISTANBUL
1145,IST,IST,ISTANBUL,ASR,ASR,ISTANBUL
2239,SAW,IST,ISTANBUL,ASR,ASR,ISTANBUL
1143,ISL,IST,ISTANBUL,ATH,ATH,ISTANBUL
1145,IST,IST,ISTANBUL,ATH,ATH,ISTANBUL
2239,SAW,IST,ISTANBUL,ATH,ATH,ISTANBUL
1143,ISL,IST,ISTANBUL,ATL,ATL,ISTANBUL
1145,IST,IST,ISTANBUL,ATL,ATL,ISTANBUL
2239,SAW,IST,ISTANBUL,ATL,ATL,ISTANBUL
1143,ISL,IST,ISTANBUL,AUH,AUH,ISTANBUL
1145,IST,IST,ISTANBUL,AUH,AUH,ISTANBUL
2239,SAW,IST,ISTANBUL,AUH,AUH,ISTANBUL
1143,ISL,IST,ISTANBUL,AYT,AYT,ISTANBUL
1145,IST,IST,ISTANBUL,AYT,AYT,ISTANBUL
2239,SAW,IST,ISTANBUL,AYT,AYT,ISTANBUL
1143,ISL,IST,ISTANBUL,BAH,BAH,ISTANBUL
1145,IST,IST,ISTANBUL,BAH,BAH,ISTANBUL
2239,SAW,IST,ISTANBUL,BAH,BAH,ISTANBUL
1143,ISL,IST,ISTANBUL,BCN,BCN,ISTANBUL
1145,IST,IST,ISTANBUL,BCN,BCN,ISTANBUL
2239,SAW,IST,ISTANBUL,BCN,BCN,ISTANBUL
1143,ISL,IST,ISTANBUL,BEG,BEG,ISTANBUL
1145,IST,IST,ISTANBUL,BEG,BEG,ISTANBUL
2239,SAW,IST,ISTANBUL,BEG,BEG,ISTANBUL
1143,ISL,IST,ISTANBUL,BEY,BEY,ISTANBUL
1145,IST,IST,ISTANBUL,BEY,BEY,ISTANBUL
2239,SAW,IST,ISTANBUL,BEY,BEY,ISTANBUL
1143,ISL,IST,ISTANBUL,BFI,SEA,ISTANBUL
1145,IST,IST,ISTANBUL,BFI,SEA,ISTANBUL
2239,SAW,IST,ISTANBUL,BFI,SEA,ISTANBUL
1143,ISL,IST,ISTANBUL,BFS,BFS,ISTANBUL
1145,IST,IST,ISTANBUL,BFS,BFS,ISTANBUL
2239,SAW,IST,ISTANBUL,BFS,BFS,ISTANBUL
1143,ISL,IST,ISTANBUL,BGW,BGW,ISTANBUL
1145,IST,IST,ISTANBUL,BGW,BGW,ISTANBUL
2239,SAW,IST,ISTANBUL,BGW,BGW,ISTANBUL
1143,ISL,IST,ISTANBUL,BGY,MIL,ISTANBUL
1145,IST,IST,ISTANBUL,BGY,MIL,ISTANBUL
2239,SAW,IST,ISTANBUL,BGY,MIL,ISTANBUL
1143,ISL,IST,ISTANBUL,BHD,BFS,ISTANBUL
1145,IST,IST,ISTANBUL,BHD,BFS,ISTANBUL
2239,SAW,IST,ISTANBUL,BHD,BFS,ISTANBUL
1143,ISL,IST,ISTANBUL,BHX,BHX,ISTANBUL
1145,IST,IST,ISTANBUL,BHX,BHX,ISTANBUL
2239,SAW,IST,ISTANBUL,BHX,BHX,ISTANBUL
1143,ISL,IST,ISTANBUL,BIO,BIO,ISTANBUL
1145,IST,IST,ISTANBUL,BIO,BIO,ISTANBUL
2239,SAW,IST,ISTANBUL,BIO,BIO,ISTANBUL
1143,ISL,IST,ISTANBUL,BKK,BKK,ISTANBUL
1145,IST,IST,ISTANBUL,BKK,BKK,ISTANBUL
2239,SAW,IST,ISTANBUL,BKK,BKK,ISTANBUL
1143,ISL,IST,ISTANBUL,BLL,BLL,ISTANBUL
1145,IST,IST,ISTANBUL,BLL,BLL,ISTANBUL
2239,SAW,IST,ISTANBUL,BLL,BLL,ISTANBUL
1143,ISL,IST,ISTANBUL,BLQ,BLQ,ISTANBUL
1145,IST,IST,ISTANBUL,BLQ,BLQ,ISTANBUL
2239,SAW,IST,ISTANBUL,BLQ,BLQ,ISTANBUL
1143,ISL,IST,ISTANBUL,BLR,BLR,ISTANBUL
1145,IST,IST,ISTANBUL,BLR,BLR,ISTANBUL
2239,SAW,IST,ISTANBUL,BLR,BLR,ISTANBUL
1143,ISL,IST,ISTANBUL,BMA,STO,ISTANBUL
1145,IST,IST,ISTANBUL,BMA,STO,ISTANBUL
2239,SAW,IST,ISTANBUL,BMA,STO,ISTANBUL
1143,ISL,IST,ISTANBUL,BOG,BOG,ISTANBUL
1145,IST,IST,ISTANBUL,BOG,BOG,ISTANBUL
2239,SAW,IST,ISTANBUL,BOG,BOG,ISTANBUL
1143,ISL,IST,ISTANBUL,BOM,BOM,ISTANBUL
1145,IST,IST,ISTANBUL,BOM,BOM,ISTANBUL
2239,SAW,IST,ISTANBUL,BOM,BOM,ISTANBUL
1143,ISL,IST,ISTANBUL,BOS,BOS,ISTANBUL
1145,IST,IST,ISTANBUL,BOS,BOS,ISTANBUL
2239,SAW,IST,ISTANBUL,BOS,BOS,ISTANBUL
1143,ISL,IST,ISTANBUL,BRE,BRE,ISTANBUL
1145,IST,IST,ISTANBUL,BRE,BRE,ISTANBUL
2239,SAW,IST,ISTANBUL,BRE,BRE,ISTANBUL
1143,ISL,IST,ISTANBUL,BRU,BRU,ISTANBUL
1145,IST,IST,ISTANBUL,BRU,BRU,ISTANBUL
2239,SAW,IST,ISTANBUL,BRU,BRU,ISTANBUL
1143,ISL,IST,ISTANBUL,BSL,BSL,ISTANBUL
1145,IST,IST,ISTANBUL,BSL,BSL,ISTANBUL
2239,SAW,IST,ISTANBUL,BSL,BSL,ISTANBUL
1143,ISL,IST,ISTANBUL,BUD,BUD,ISTANBUL
1145,IST,IST,ISTANBUL,BUD,BUD,ISTANBUL
2239,SAW,IST,ISTANBUL,BUD,BUD,ISTANBUL
1143,ISL,IST,ISTANBUL,BVA,PAR,ISTANBUL
1145,IST,IST,ISTANBUL,BVA,PAR,ISTANBUL
2239,SAW,IST,ISTANBUL,BVA,PAR,ISTANBUL
1143,ISL,IST,ISTANBUL,BWI,BWI,ISTANBUL
1145,IST,IST,ISTANBUL,BWI,BWI,ISTANBUL
2239,SAW,IST,ISTANBUL,BWI,BWI,ISTANBUL
1143,ISL,IST,ISTANBUL,CAI,CAI,ISTANBUL
1145,IST,IST,ISTANBUL,CAI,CAI,ISTANBUL
2239,SAW,IST,ISTANBUL,CAI,CAI,ISTANBUL
1143,ISL,IST,ISTANBUL,CAN,CAN,ISTANBUL
1145,IST,IST,ISTANBUL,CAN,CAN,ISTANBUL
2239,SAW,IST,ISTANBUL,CAN,CAN,ISTANBUL
1143,ISL,IST,ISTANBUL,CCS,CCS,ISTANBUL
1145,IST,IST,ISTANBUL,CCS,CCS,ISTANBUL
2239,SAW,IST,ISTANBUL,CCS,CCS,ISTANBUL
1143,ISL,IST,ISTANBUL,CDG,PAR,ISTANBUL
1145,IST,IST,ISTANBUL,CDG,PAR,ISTANBUL
2239,SAW,IST,ISTANBUL,CDG,PAR,ISTANBUL
1143,ISL,IST,ISTANBUL,CGH,SAO,ISTANBUL
1145,IST,IST,ISTANBUL,CGH,SAO,ISTANBUL
2239,SAW,IST,ISTANBUL,CGH,SAO,ISTANBUL
1143,ISL,IST,ISTANBUL,CGK,JKT,ISTANBUL
1145,IST,IST,ISTANBUL,CGK,JKT,ISTANBUL
2239,SAW,IST,ISTANBUL,CGK,JKT,ISTANBUL
1143,ISL,IST,ISTANBUL,CGN,CGN,ISTANBUL
1145,IST,IST,ISTANBUL,CGN,CGN,ISTANBUL
2239,SAW,IST,ISTANBUL,CGN,CGN,ISTANBUL
1143,ISL,IST,ISTANBUL,CIA,ROM,ISTANBUL
1145,IST,IST,ISTANBUL,CIA,ROM,ISTANBUL
2239,SAW,IST,ISTANBUL,CIA,ROM,ISTANBUL
1143,ISL,IST,ISTANBUL,CKY,CKY,ISTANBUL
1145,IST,IST,ISTANBUL,CKY,CKY,ISTANBUL
2239,SAW,IST,ISTANBUL,CKY,CKY,ISTANBUL
1143,ISL,IST,ISTANBUL,CLT,CLT,ISTANBUL
1145,IST,IST,ISTANBUL,CLT,CLT,ISTANBUL
2239,SAW,IST,ISTANBUL,CLT,CLT,ISTANBUL
1143,ISL,IST,ISTANBUL,CMB,CMB,ISTANBUL
1145,IST,IST,ISTANBUL,CMB,CMB,ISTANBUL
2239,SAW,IST,ISTANBUL,CMB,CMB,ISTANBUL
1143,ISL,IST,ISTANBUL,CMH,CMH,ISTANBUL
1145,IST,IST,ISTANBUL,CMH,CMH,ISTANBUL
2239,SAW,IST,ISTANBUL,CMH,CMH,ISTANBUL
1143,ISL,IST,ISTANBUL,CMN,CAS,ISTANBUL
1145,IST,IST,ISTANBUL,CMN,CAS,ISTANBUL
2239,SAW,IST,ISTANBUL,CMN,CAS,ISTANBUL
1143,ISL,IST,ISTANBUL,CPH,CPH,ISTANBUL
1145,IST,IST,ISTANBUL,CPH,CPH,ISTANBUL
2239,SAW,IST,ISTANBUL,CPH,CPH,ISTANBUL
1143,ISL,IST,ISTANBUL,CPT,CPT,ISTANBUL
1145,IST,IST,ISTANBUL,CPT,CPT,ISTANBUL
2239,SAW,IST,ISTANBUL,CPT,CPT,ISTANBUL
1143,ISL,IST,ISTANBUL,CRL,BRU,ISTANBUL
1145,IST,IST,ISTANBUL,CRL,BRU,ISTANBUL
2239,SAW,IST,ISTANBUL,CRL,BRU,ISTANBUL
1143,ISL,IST,ISTANBUL,CVG,CVG,ISTANBUL
1145,IST,IST,ISTANBUL,CVG,CVG,ISTANBUL
2239,SAW,IST,ISTANBUL,CVG,CVG,ISTANBUL
1143,ISL,IST,ISTANBUL,DAC,DAC,ISTANBUL
1145,IST,IST,ISTANBUL,DAC,DAC,ISTANBUL
2239,SAW,IST,ISTANBUL,DAC,DAC,ISTANBUL
1143,ISL,IST,ISTANBUL,DAL,DFW,ISTANBUL
1145,IST,IST,ISTANBUL,DAL,DFW,ISTANBUL
2239,SAW,IST,ISTANBUL,DAL,DFW,ISTANBUL
1143,ISL,IST,ISTANBUL,DAR,DAR,ISTANBUL
1145,IST,IST,ISTANBUL,DAR,DAR,ISTANBUL
2239,SAW,IST,ISTANBUL,DAR,DAR,ISTANBUL
1143,ISL,IST,ISTANBUL,DAY,DAY,ISTANBUL
1145,IST,IST,ISTANBUL,DAY,DAY,ISTANBUL
2239,SAW,IST,ISTANBUL,DAY,DAY,ISTANBUL
1143,ISL,IST,ISTANBUL,DCA,WAS,ISTANBUL
1145,IST,IST,ISTANBUL,DCA,WAS,ISTANBUL
2239,SAW,IST,ISTANBUL,DCA,WAS,ISTANBUL
1143,ISL,IST,ISTANBUL,DEL,DEL,ISTANBUL
1145,IST,IST,ISTANBUL,DEL,DEL,ISTANBUL
2239,SAW,IST,ISTANBUL,DEL,DEL,ISTANBUL
1143,ISL,IST,ISTANBUL,DEN,DEN,ISTANBUL
1145,IST,IST,ISTANBUL,DEN,DEN,ISTANBUL
2239,SAW,IST,ISTANBUL,DEN,DEN,ISTANBUL
1143,ISL,IST,ISTANBUL,DFW,DFW,ISTANBUL
1145,IST,IST,ISTANBUL,DFW,DFW,ISTANBUL
2239,SAW,IST,ISTANBUL,DFW,DFW,ISTANBUL
1143,ISL,IST,ISTANBUL,DHF,AUH,ISTANBUL
1145,IST,IST,ISTANBUL,DHF,AUH,ISTANBUL
2239,SAW,IST,ISTANBUL,DHF,AUH,ISTANBUL
1143,ISL,IST,ISTANBUL,DLC,DLC,ISTANBUL
1145,IST,IST,ISTANBUL,DLC,DLC,ISTANBUL
2239,SAW,IST,ISTANBUL,DLC,DLC,ISTANBUL
1143,ISL,IST,ISTANBUL,DME,MOW,ISTANBUL
1145,IST,IST,ISTANBUL,DME,MOW,ISTANBUL
2239,SAW,IST,ISTANBUL,DME,MOW,ISTANBUL
1143,ISL,IST,ISTANBUL,DMK,BKK,ISTANBUL
1145,IST,IST,ISTANBUL,DMK,BKK,ISTANBUL
2239,SAW,IST,ISTANBUL,DMK,BKK,ISTANBUL
1143,ISL,IST,ISTANBUL,DMM,DMM,ISTANBUL
1145,IST,IST,ISTANBUL,DMM,DMM,ISTANBUL
2239,SAW,IST,ISTANBUL,DMM,DMM,ISTANBUL
1143,ISL,IST,ISTANBUL,DOH,DOH,ISTANBUL
1145,IST,IST,ISTANBUL,DOH,DOH,ISTANBUL
2239,SAW,IST,ISTANBUL,DOH,DOH,ISTANBUL
1143,ISL,IST,ISTANBUL,DSS,DKR,ISTANBUL
1145,IST,IST,ISTANBUL,DSS,DKR,ISTANBUL
2239,SAW,IST,ISTANBUL,DSS,DKR,ISTANBUL
1143,ISL,IST,ISTANBUL,DTM,DTM,ISTANBUL
1145,IST,IST,ISTANBUL,DTM,DTM,ISTANBUL
2239,SAW,IST,ISTANBUL,DTM,DTM,ISTANBUL
1143,ISL,IST,ISTANBUL,DTW,DTT,ISTANBUL
1145,IST,IST,ISTANBUL,DTW,DTT,ISTANBUL
2239,SAW,IST,ISTANBUL,DTW,DTT,ISTANBUL
1143,ISL,IST,ISTANBUL,DUB,DUB,ISTANBUL
1145,IST,IST,ISTANBUL,DUB,DUB,ISTANBUL
2239,SAW,IST,ISTANBUL,DUB,DUB,ISTANBUL
1143,ISL,IST,ISTANBUL,DUR,DUR,ISTANBUL
1145,IST,IST,ISTANBUL,DUR,DUR,ISTANBUL
2239,SAW,IST,ISTANBUL,DUR,DUR,ISTANBUL
1143,ISL,IST,ISTANBUL,DUS,DUS,ISTANBUL
1145,IST,IST,ISTANBUL,DUS,DUS,ISTANBUL
2239,SAW,IST,ISTANBUL,DUS,DUS,ISTANBUL
1143,ISL,IST,ISTANBUL,DWC,DXB,ISTANBUL
1145,IST,IST,ISTANBUL,DWC,DXB,ISTANBUL
2239,SAW,IST,ISTANBUL,DWC,DXB,ISTANBUL
1143,ISL,IST,ISTANBUL,DXB,DXB,ISTANBUL
1145,IST,IST,ISTANBUL,DXB,DXB,ISTANBUL
2239,SAW,IST,ISTANBUL,DXB,DXB,ISTANBUL
1143,ISL,IST,ISTANBUL,EBB,EBB,ISTANBUL
1145,IST,IST,ISTANBUL,EBB,EBB,ISTANBUL
2239,SAW,IST,ISTANBUL,EBB,EBB,ISTANBUL
1143,ISL,IST,ISTANBUL,EBL,EBL,ISTANBUL
1145,IST,IST,ISTANBUL,EBL,EBL,ISTANBUL
2239,SAW,IST,ISTANBUL,EBL,EBL,ISTANBUL
1143,ISL,IST,ISTANBUL,ECN,ECN,ISTANBUL
1145,IST,IST,ISTANBUL,ECN,ECN,ISTANBUL
2239,SAW,IST,ISTANBUL,ECN,ECN,ISTANBUL
1143,ISL,IST,ISTANBUL,EDI,EDI,ISTANBUL
1145,IST,IST,ISTANBUL,EDI,EDI,ISTANBUL
2239,SAW,IST,ISTANBUL,EDI,EDI,ISTANBUL
1143,ISL,IST,ISTANBUL,EMA,NQT,ISTANBUL
1145,IST,IST,ISTANBUL,EMA,NQT,ISTANBUL
2239,SAW,IST,ISTANBUL,EMA,NQT,ISTANBUL
1143,ISL,IST,ISTANBUL,ESB,ANK,ISTANBUL
1145,IST,IST,ISTANBUL,ESB,ANK,ISTANBUL
2239,SAW,IST,ISTANBUL,ESB,ANK,ISTANBUL
1143,ISL,IST,ISTANBUL,EWR,NYC,ISTANBUL
1145,IST,IST,ISTANBUL,EWR,NYC,ISTANBUL
2239,SAW,IST,ISTANBUL,EWR,NYC,ISTANBUL
1143,ISL,IST,ISTANBUL,EZE,BUE,ISTANBUL
1145,IST,IST,ISTANBUL,EZE,BUE,ISTANBUL
2239,SAW,IST,ISTANBUL,EZE,BUE,ISTANBUL
1143,ISL,IST,ISTANBUL,FCO,ROM,ISTANBUL
1145,IST,IST,ISTANBUL,FCO,ROM,ISTANBUL
2239,SAW,IST,ISTANBUL,FCO,ROM,ISTANBUL
1143,ISL,IST,ISTANBUL,FIH,FIH,ISTANBUL
1145,IST,IST,ISTANBUL,FIH,FIH,ISTANBUL
2239,SAW,IST,ISTANBUL,FIH,FIH,ISTANBUL
1143,ISL,IST,ISTANBUL,FMO,FMO,ISTANBUL
1145,IST,IST,ISTANBUL,FMO,FMO,ISTANBUL
2239,SAW,IST,ISTANBUL,FMO,FMO,ISTANBUL
1143,ISL,IST,ISTANBUL,FRA,FRA,ISTANBUL
1145,IST,IST,ISTANBUL,FRA,FRA,ISTANBUL
2239,SAW,IST,ISTANBUL,FRA,FRA,ISTANBUL
1143,ISL,IST,ISTANBUL,FRU,FRU,ISTANBUL
1145,IST,IST,ISTANBUL,FRU,FRU,ISTANBUL
2239,SAW,IST,ISTANBUL,FRU,FRU,ISTANBUL
1143,ISL,IST,ISTANBUL,GIG,RIO,ISTANBUL
1145,IST,IST,ISTANBUL,GIG,RIO,ISTANBUL
2239,SAW,IST,ISTANBUL,GIG,RIO,ISTANBUL
1143,ISL,IST,ISTANBUL,GLA,GLA,ISTANBUL
1145,IST,IST,ISTANBUL,GLA,GLA,ISTANBUL
2239,SAW,IST,ISTANBUL,GLA,GLA,ISTANBUL
1143,ISL,IST,ISTANBUL,GMP,SEL,ISTANBUL
1145,IST,IST,ISTANBUL,GMP,SEL,ISTANBUL
2239,SAW,IST,ISTANBUL,GMP,SEL,ISTANBUL
1143,ISL,IST,ISTANBUL,GOI,GOI,ISTANBUL
1145,IST,IST,ISTANBUL,GOI,GOI,ISTANBUL
2239,SAW,IST,ISTANBUL,GOI,GOI,ISTANBUL
1143,ISL,IST,ISTANBUL,GOT,GOT,ISTANBUL
1145,IST,IST,ISTANBUL,GOT,GOT,ISTANBUL
2239,SAW,IST,ISTANBUL,GOT,GOT,ISTANBUL
1143,ISL,IST,ISTANBUL,GRU,SAO,ISTANBUL
1145,IST,IST,ISTANBUL,GRU,SAO,ISTANBUL
2239,SAW,IST,ISTANBUL,GRU,SAO,ISTANBUL
1143,ISL,IST,ISTANBUL,GSO,GSO,ISTANBUL
1145,IST,IST,ISTANBUL,GSO,GSO,ISTANBUL
2239,SAW,IST,ISTANBUL,GSO,GSO,ISTANBUL
1143,ISL,IST,ISTANBUL,GUA,GUA,ISTANBUL
1145,IST,IST,ISTANBUL,GUA,GUA,ISTANBUL
2239,SAW,IST,ISTANBUL,GUA,GUA,ISTANBUL
1143,ISL,IST,ISTANBUL,GVA,GVA,ISTANBUL
1145,IST,IST,ISTANBUL,GVA,GVA,ISTANBUL
2239,SAW,IST,ISTANBUL,GVA,GVA,ISTANBUL
1143,ISL,IST,ISTANBUL,GYD,BAK,ISTANBUL
1145,IST,IST,ISTANBUL,GYD,BAK,ISTANBUL
2239,SAW,IST,ISTANBUL,GYD,BAK,ISTANBUL
1143,ISL,IST,ISTANBUL,GZT,GZT,ISTANBUL
1145,IST,IST,ISTANBUL,GZT,GZT,ISTANBUL
2239,SAW,IST,ISTANBUL,GZT,GZT,ISTANBUL
1143,ISL,IST,ISTANBUL,HAJ,HAJ,ISTANBUL
1145,IST,IST,ISTANBUL,HAJ,HAJ,ISTANBUL
2239,SAW,IST,ISTANBUL,HAJ,HAJ,ISTANBUL
1143,ISL,IST,ISTANBUL,HAM,HAM,ISTANBUL
1145,IST,IST,ISTANBUL,HAM,HAM,ISTANBUL
2239,SAW,IST,ISTANBUL,HAM,HAM,ISTANBUL
1143,ISL,IST,ISTANBUL,HAN,HAN,ISTANBUL
1145,IST,IST,ISTANBUL,HAN,HAN,ISTANBUL
2239,SAW,IST,ISTANBUL,HAN,HAN,ISTANBUL
1143,ISL,IST,ISTANBUL,HBE,ALY,ISTANBUL
1145,IST,IST,ISTANBUL,HBE,ALY,ISTANBUL
2239,SAW,IST,ISTANBUL,HBE,ALY,ISTANBUL
1143,ISL,IST,ISTANBUL,HEL,HEL,ISTANBUL
1145,IST,IST,ISTANBUL,HEL,HEL,ISTANBUL
2239,SAW,IST,ISTANBUL,HEL,HEL,ISTANBUL
1143,ISL,IST,ISTANBUL,HHN,FRA,ISTANBUL
1145,IST,IST,ISTANBUL,HHN,FRA,ISTANBUL
2239,SAW,IST,ISTANBUL,HHN,FRA,ISTANBUL
1143,ISL,IST,ISTANBUL,HKG,HKG,ISTANBUL
1145,IST,IST,ISTANBUL,HKG,HKG,ISTANBUL
2239,SAW,IST,ISTANBUL,HKG,HKG,ISTANBUL
1143,ISL,IST,ISTANBUL,HLP,JKT,ISTANBUL
1145,IST,IST,ISTANBUL,HLP,JKT,ISTANBUL
2239,SAW,IST,ISTANBUL,HLP,JKT,ISTANBUL
1143,ISL,IST,ISTANBUL,HND,TYO,ISTANBUL
1145,IST,IST,ISTANBUL,HND,TYO,ISTANBUL
2239,SAW,IST,ISTANBUL,HND,TYO,ISTANBUL
1143,ISL,IST,ISTANBUL,HOU,HOU,ISTANBUL
1145,IST,IST,ISTANBUL,HOU,HOU,ISTANBUL
2239,SAW,IST,ISTANBUL,HOU,HOU,ISTANBUL
1143,ISL,IST,ISTANBUL,HYD,HYD,ISTANBUL
1145,IST,IST,ISTANBUL,HYD,HYD,ISTANBUL
2239,SAW,IST,ISTANBUL,HYD,HYD,ISTANBUL
1143,ISL,IST,ISTANBUL,IAD,WAS,ISTANBUL
1145,IST,IST,ISTANBUL,IAD,WAS,ISTANBUL
2239,SAW,IST,ISTANBUL,IAD,WAS,ISTANBUL
1143,ISL,IST,ISTANBUL,IAH,HOU,ISTANBUL
1145,IST,IST,ISTANBUL,IAH,HOU,ISTANBUL
2239,SAW,IST,ISTANBUL,IAH,HOU,ISTANBUL
1143,ISL,IST,ISTANBUL,ICN,SEL,ISTANBUL
1145,IST,IST,ISTANBUL,ICN,SEL,ISTANBUL
2239,SAW,IST,ISTANBUL,ICN,SEL,ISTANBUL
1143,ISL,IST,ISTANBUL,IEV,IEV,ISTANBUL
1145,IST,IST,ISTANBUL,IEV,IEV,ISTANBUL
2239,SAW,IST,ISTANBUL,IEV,IEV,ISTANBUL
1143,ISL,IST,ISTANBUL,IND,IND,ISTANBUL
1145,IST,IST,ISTANBUL,IND,IND,ISTANBUL
2239,SAW,IST,ISTANBUL,IND,IND,ISTANBUL
1143,ISL,IST,ISTANBUL,ISB,ISB,ISTANBUL
1145,IST,IST,ISTANBUL,ISB,ISB,ISTANBUL
2239,SAW,IST,ISTANBUL,ISB,ISB,ISTANBUL
1143,ISL,IST,ISTANBUL,ISL,IST,ISTANBUL
1145,IST,IST,ISTANBUL,ISL,IST,ISTANBUL
2239,SAW,IST,ISTANBUL,ISL,IST,ISTANBUL
1143,ISL,IST,ISTANBUL,IST,IST,ISTANBUL
1145,IST,IST,ISTANBUL,IST,IST,ISTANBUL
2239,SAW,IST,ISTANBUL,IST,IST,ISTANBUL
1143,ISL,IST,ISTANBUL,ITM,OSA,ISTANBUL
1145,IST,IST,ISTANBUL,ITM,OSA,ISTANBUL
2239,SAW,IST,ISTANBUL,ITM,OSA,ISTANBUL
1143,ISL,IST,ISTANBUL,JAE,ATL,ISTANBUL
1145,IST,IST,ISTANBUL,JAE,ATL,ISTANBUL
2239,SAW,IST,ISTANBUL,JAE,ATL,ISTANBUL
1143,ISL,IST,ISTANBUL,JED,JED,ISTANBUL
1145,IST,IST,ISTANBUL,JED,JED,ISTANBUL
2239,SAW,IST,ISTANBUL,JED,JED,ISTANBUL
1143,ISL,IST,ISTANBUL,JFK,NYC,ISTANBUL
1145,IST,IST,ISTANBUL,JFK,NYC,ISTANBUL
2239,SAW,IST,ISTANBUL,JFK,NYC,ISTANBUL
1143,ISL,IST,ISTANBUL,JNB,JNB,ISTANBUL
1145,IST,IST,ISTANBUL,JNB,JNB,ISTANBUL
2239,SAW,IST,ISTANBUL,JNB,JNB,ISTANBUL
1143,ISL,IST,ISTANBUL,KAN,KAN,ISTANBUL
1145,IST,IST,ISTANBUL,KAN,KAN,ISTANBUL
2239,SAW,IST,ISTANBUL,KAN,KAN,ISTANBUL
1143,ISL,IST,ISTANBUL,KBL,KBL,ISTANBUL
1145,IST,IST,ISTANBUL,KBL,KBL,ISTANBUL
2239,SAW,IST,ISTANBUL,KBL,KBL,ISTANBUL
1143,ISL,IST,ISTANBUL,KBP,IEV,ISTANBUL
1145,IST,IST,ISTANBUL,KBP,IEV,ISTANBUL
2239,SAW,IST,ISTANBUL,KBP,IEV,ISTANBUL
1143,ISL,IST,ISTANBUL,KGL,KGL,ISTANBUL
1145,IST,IST,ISTANBUL,KGL,KGL,ISTANBUL
2239,SAW,IST,ISTANBUL,KGL,KGL,ISTANBUL
1143,ISL,IST,ISTANBUL,KHI,KHI,ISTANBUL
1145,IST,IST,ISTANBUL,KHI,KHI,ISTANBUL
2239,SAW,IST,ISTANBUL,KHI,KHI,ISTANBUL
1143,ISL,IST,ISTANBUL,KIV,KIV,ISTANBUL
1145,IST,IST,ISTANBUL,KIV,KIV,ISTANBUL
2239,SAW,IST,ISTANBUL,KIV,KIV,ISTANBUL
1143,ISL,IST,ISTANBUL,KIX,OSA,ISTANBUL
1145,IST,IST,ISTANBUL,KIX,OSA,ISTANBUL
2239,SAW,IST,ISTANBUL,KIX,OSA,ISTANBUL
1143,ISL,IST,ISTANBUL,KRK,KRK,ISTANBUL
1145,IST,IST,ISTANBUL,KRK,KRK,ISTANBUL
2239,SAW,IST,ISTANBUL,KRK,KRK,ISTANBUL
1143,ISL,IST,ISTANBUL,KRR,KRR,ISTANBUL
1145,IST,IST,ISTANBUL,KRR,KRR,ISTANBUL
2239,SAW,IST,ISTANBUL,KRR,KRR,ISTANBUL
1143,ISL,IST,ISTANBUL,KRT,KRT,ISTANBUL
1145,IST,IST,ISTANBUL,KRT,KRT,ISTANBUL
2239,SAW,IST,ISTANBUL,KRT,KRT,ISTANBUL
1143,ISL,IST,ISTANBUL,KTM,KTM,ISTANBUL
1145,IST,IST,ISTANBUL,KTM,KTM,ISTANBUL
2239,SAW,IST,ISTANBUL,KTM,KTM,ISTANBUL
1143,ISL,IST,ISTANBUL,KUL,KUL,ISTANBUL
1145,IST,IST,ISTANBUL,KUL,KUL,ISTANBUL
2239,SAW,IST,ISTANBUL,KUL,KUL,ISTANBUL
1143,ISL,IST,ISTANBUL,KWI,KWI,ISTANBUL
1145,IST,IST,ISTANBUL,KWI,KWI,ISTANBUL
2239,SAW,IST,ISTANBUL,KWI,KWI,ISTANBUL
1143,ISL,IST,ISTANBUL,LAS,LAS,ISTANBUL
1145,IST,IST,ISTANBUL,LAS,LAS,ISTANBUL
2239,SAW,IST,ISTANBUL,LAS,LAS,ISTANBUL
1143,ISL,IST,ISTANBUL,LAX,LAX,ISTANBUL
1145,IST,IST,ISTANBUL,LAX,LAX,ISTANBUL
2239,SAW,IST,ISTANBUL,LAX,LAX,ISTANBUL
1143,ISL,IST,ISTANBUL,LCK,CMH,ISTANBUL
1145,IST,IST,ISTANBUL,LCK,CMH,ISTANBUL
2239,SAW,IST,ISTANBUL,LCK,CMH,ISTANBUL
1143,ISL,IST,ISTANBUL,LCY,LON,ISTANBUL
1145,IST,IST,ISTANBUL,LCY,LON,ISTANBUL
2239,SAW,IST,ISTANBUL,LCY,LON,ISTANBUL
1143,ISL,IST,ISTANBUL,LED,LED,ISTANBUL
1145,IST,IST,ISTANBUL,LED,LED,ISTANBUL
2239,SAW,IST,ISTANBUL,LED,LED,ISTANBUL
1143,ISL,IST,ISTANBUL,LEJ,LEJ,ISTANBUL
1145,IST,IST,ISTANBUL,LEJ,LEJ,ISTANBUL
2239,SAW,IST,ISTANBUL,LEJ,LEJ,ISTANBUL
1143,ISL,IST,ISTANBUL,LGA,NYC,ISTANBUL
1145,IST,IST,ISTANBUL,LGA,NYC,ISTANBUL
2239,SAW,IST,ISTANBUL,LGA,NYC,ISTANBUL
1143,ISL,IST,ISTANBUL,LGG,LGG,ISTANBUL
1145,IST,IST,ISTANBUL,LGG,LGG,ISTANBUL
2239,SAW,IST,ISTANBUL,LGG,LGG,ISTANBUL
1143,ISL,IST,ISTANBUL,LGW,LON,ISTANBUL
1145,IST,IST,ISTANBUL,LGW,LON,ISTANBUL
2239,SAW,IST,ISTANBUL,LGW,LON,ISTANBUL
1143,ISL,IST,ISTANBUL,LHE,LHE,ISTANBUL
1145,IST,IST,ISTANBUL,LHE,LHE,ISTANBUL
2239,SAW,IST,ISTANBUL,LHE,LHE,ISTANBUL
1143,ISL,IST,ISTANBUL,LHR,LON,ISTANBUL
1145,IST,IST,ISTANBUL,LHR,LON,ISTANBUL
2239,SAW,IST,ISTANBUL,LHR,LON,ISTANBUL
1143,ISL,IST,ISTANBUL,LIL,LIL,ISTANBUL
1145,IST,IST,ISTANBUL,LIL,LIL,ISTANBUL
2239,SAW,IST,ISTANBUL,LIL,LIL,ISTANBUL
1143,ISL,IST,ISTANBUL,LIN,MIL,ISTANBUL
1145,IST,IST,ISTANBUL,LIN,MIL,ISTANBUL
2239,SAW,IST,ISTANBUL,LIN,MIL,ISTANBUL
1143,ISL,IST,ISTANBUL,LIS,LIS,ISTANBUL
1145,IST,IST,ISTANBUL,LIS,LIS,ISTANBUL
2239,SAW,IST,ISTANBUL,LIS,LIS,ISTANBUL
1143,ISL,IST,ISTANBUL,LJU,LJU,ISTANBUL
1145,IST,IST,ISTANBUL,LJU,LJU,ISTANBUL
2239,SAW,IST,ISTANBUL,LJU,LJU,ISTANBUL
1143,ISL,IST,ISTANBUL,LNZ,LNZ,ISTANBUL
1145,IST,IST,ISTANBUL,LNZ,LNZ,ISTANBUL
2239,SAW,IST,ISTANBUL,LNZ,LNZ,ISTANBUL
1143,ISL,IST,ISTANBUL,LOS,LOS,ISTANBUL
1145,IST,IST,ISTANBUL,LOS,LOS,ISTANBUL
2239,SAW,IST,ISTANBUL,LOS,LOS,ISTANBUL
1143,ISL,IST,ISTANBUL,LTN,LON,ISTANBUL
1145,IST,IST,ISTANBUL,LTN,LON,ISTANBUL
2239,SAW,IST,ISTANBUL,LTN,LON,ISTANBUL
1143,ISL,IST,ISTANBUL,LUN,LUN,ISTANBUL
1145,IST,IST,ISTANBUL,LUN,LUN,ISTANBUL
2239,SAW,IST,ISTANBUL,LUN,LUN,ISTANBUL
1143,ISL,IST,ISTANBUL,LUX,LUX,ISTANBUL
1145,IST,IST,ISTANBUL,LUX,LUX,ISTANBUL
2239,SAW,IST,ISTANBUL,LUX,LUX,ISTANBUL
1143,ISL,IST,ISTANBUL,LYS,LYS,ISTANBUL
1145,IST,IST,ISTANBUL,LYS,LYS,ISTANBUL
2239,SAW,IST,ISTANBUL,LYS,LYS,ISTANBUL
1143,ISL,IST,ISTANBUL,MAA,MAA,ISTANBUL
1145,IST,IST,ISTANBUL,MAA,MAA,ISTANBUL
2239,SAW,IST,ISTANBUL,MAA,MAA,ISTANBUL
1143,ISL,IST,ISTANBUL,MAD,MAD,ISTANBUL
1145,IST,IST,ISTANBUL,MAD,MAD,ISTANBUL
2239,SAW,IST,ISTANBUL,MAD,MAD,ISTANBUL
1143,ISL,IST,ISTANBUL,MAN,MAN,ISTANBUL
1145,IST,IST,ISTANBUL,MAN,MAN,ISTANBUL
2239,SAW,IST,ISTANBUL,MAN,MAN,ISTANBUL
1143,ISL,IST,ISTANBUL,MCO,ORL,ISTANBUL
1145,IST,IST,ISTANBUL,MCO,ORL,ISTANBUL
2239,SAW,IST,ISTANBUL,MCO,ORL,ISTANBUL
1143,ISL,IST,ISTANBUL,MCT,MCT,ISTANBUL
1145,IST,IST,ISTANBUL,MCT,MCT,ISTANBUL
2239,SAW,IST,ISTANBUL,MCT,MCT,ISTANBUL
1143,ISL,IST,ISTANBUL,MDW,CHI,ISTANBUL
1145,IST,IST,ISTANBUL,MDW,CHI,ISTANBUL
2239,SAW,IST,ISTANBUL,MDW,CHI,ISTANBUL
1143,ISL,IST,ISTANBUL,MEB,MEL,ISTANBUL
1145,IST,IST,ISTANBUL,MEB,MEL,ISTANBUL
2239,SAW,IST,ISTANBUL,MEB,MEL,ISTANBUL
1143,ISL,IST,ISTANBUL,MED,MED,ISTANBUL
1145,IST,IST,ISTANBUL,MED,MED,ISTANBUL
2239,SAW,IST,ISTANBUL,MED,MED,ISTANBUL
1143,ISL,IST,ISTANBUL,MEL,MEL,ISTANBUL
1145,IST,IST,ISTANBUL,MEL,MEL,ISTANBUL
2239,SAW,IST,ISTANBUL,MEL,MEL,ISTANBUL
1143,ISL,IST,ISTANBUL,MEX,MEX,ISTANBUL
1145,IST,IST,ISTANBUL,MEX,MEX,ISTANBUL
2239,SAW,IST,ISTANBUL,MEX,MEX,ISTANBUL
1143,ISL,IST,ISTANBUL,MFE,MFE,ISTANBUL
1145,IST,IST,ISTANBUL,MFE,MFE,ISTANBUL
2239,SAW,IST,ISTANBUL,MFE,MFE,ISTANBUL
1143,ISL,IST,ISTANBUL,MGQ,MGQ,ISTANBUL
1145,IST,IST,ISTANBUL,MGQ,MGQ,ISTANBUL
2239,SAW,IST,ISTANBUL,MGQ,MGQ,ISTANBUL
1143,ISL,IST,ISTANBUL,MIA,MIA,ISTANBUL
1145,IST,IST,ISTANBUL,MIA,MIA,ISTANBUL
2239,SAW,IST,ISTANBUL,MIA,MIA,ISTANBUL
1143,ISL,IST,ISTANBUL,MLA,MLA,ISTANBUL
1145,IST,IST,ISTANBUL,MLA,MLA,ISTANBUL
2239,SAW,IST,ISTANBUL,MLA,MLA,ISTANBUL
1143,ISL,IST,ISTANBUL,MLE,MLE,ISTANBUL
1145,IST,IST,ISTANBUL,MLE,MLE,ISTANBUL
2239,SAW,IST,ISTANBUL,MLE,MLE,ISTANBUL
1143,ISL,IST,ISTANBUL,MNL,MNL,ISTANBUL
1145,IST,IST,ISTANBUL,MNL,MNL,ISTANBUL
2239,SAW,IST,ISTANBUL,MNL,MNL,ISTANBUL
1143,ISL,IST,ISTANBUL,MPM,MPM,ISTANBUL
1145,IST,IST,ISTANBUL,MPM,MPM,ISTANBUL
2239,SAW,IST,ISTANBUL,MPM,MPM,ISTANBUL
1143,ISL,IST,ISTANBUL,MRS,MRS,ISTANBUL
1145,IST,IST,ISTANBUL,MRS,MRS,ISTANBUL
2239,SAW,IST,ISTANBUL,MRS,MRS,ISTANBUL
1143,ISL,IST,ISTANBUL,MRU,MRU,ISTANBUL
1145,IST,IST,ISTANBUL,MRU,MRU,ISTANBUL
2239,SAW,IST,ISTANBUL,MRU,MRU,ISTANBUL
1143,ISL,IST,ISTANBUL,MSP,MSP,ISTANBUL
1145,IST,IST,ISTANBUL,MSP,MSP,ISTANBUL
2239,SAW,IST,ISTANBUL,MSP,MSP,ISTANBUL
1143,ISL,IST,ISTANBUL,MSQ,MSQ,ISTANBUL
1145,IST,IST,ISTANBUL,MSQ,MSQ,ISTANBUL
2239,SAW,IST,ISTANBUL,MSQ,MSQ,ISTANBUL
1143,ISL,IST,ISTANBUL,MST,MST,ISTANBUL
1145,IST,IST,ISTANBUL,MST,MST,ISTANBUL
2239,SAW,IST,ISTANBUL,MST,MST,ISTANBUL
1143,ISL,IST,ISTANBUL,MSY,MSY,ISTANBUL
1145,IST,IST,ISTANBUL,MSY,MSY,ISTANBUL
2239,SAW,IST,ISTANBUL,MSY,MSY,ISTANBUL
1143,ISL,IST,ISTANBUL,MUC,MUC,ISTANBUL
1145,IST,IST,ISTANBUL,MUC,MUC,ISTANBUL
2239,SAW,IST,ISTANBUL,MUC,MUC,ISTANBUL
1143,ISL,IST,ISTANBUL,MXP,MIL,ISTANBUL
1145,IST,IST,ISTANBUL,MXP,MIL,ISTANBUL
2239,SAW,IST,ISTANBUL,MXP,MIL,ISTANBUL
1143,ISL,IST,ISTANBUL,NAP,NAP,ISTANBUL
1145,IST,IST,ISTANBUL,NAP,NAP,ISTANBUL
2239,SAW,IST,ISTANBUL,NAP,NAP,ISTANBUL
1143,ISL,IST,ISTANBUL,NBO,NBO,ISTANBUL
1145,IST,IST,ISTANBUL,NBO,NBO,ISTANBUL
2239,SAW,IST,ISTANBUL,NBO,NBO,ISTANBUL
1143,ISL,IST,ISTANBUL,NCE,NCE,ISTANBUL
1145,IST,IST,ISTANBUL,NCE,NCE,ISTANBUL
2239,SAW,IST,ISTANBUL,NCE,NCE,ISTANBUL
1143,ISL,IST,ISTANBUL,NGO,NGO,ISTANBUL
1145,IST,IST,ISTANBUL,NGO,NGO,ISTANBUL
2239,SAW,IST,ISTANBUL,NGO,NGO,ISTANBUL
1143,ISL,IST,ISTANBUL,NKG,NKG,ISTANBUL
1145,IST,IST,ISTANBUL,NKG,NKG,ISTANBUL
2239,SAW,IST,ISTANBUL,NKG,NKG,ISTANBUL
1143,ISL,IST,ISTANBUL,NKM,NGO,ISTANBUL
1145,IST,IST,ISTANBUL,NKM,NGO,ISTANBUL
2239,SAW,IST,ISTANBUL,NKM,NGO,ISTANBUL
1143,ISL,IST,ISTANBUL,NRN,DUS,ISTANBUL
1145,IST,IST,ISTANBUL,NRN,DUS,ISTANBUL
2239,SAW,IST,ISTANBUL,NRN,DUS,ISTANBUL
1143,ISL,IST,ISTANBUL,NRT,TYO,ISTANBUL
1145,IST,IST,ISTANBUL,NRT,TYO,ISTANBUL
2239,SAW,IST,ISTANBUL,NRT,TYO,ISTANBUL
1143,ISL,IST,ISTANBUL,NTE,NTE,ISTANBUL
1145,IST,IST,ISTANBUL,NTE,NTE,ISTANBUL
2239,SAW,IST,ISTANBUL,NTE,NTE,ISTANBUL
1143,ISL,IST,ISTANBUL,NUE,NUE,ISTANBUL
1145,IST,IST,ISTANBUL,NUE,NUE,ISTANBUL
2239,SAW,IST,ISTANBUL,NUE,NUE,ISTANBUL
1143,ISL,IST,ISTANBUL,NVI,NVI,ISTANBUL
1145,IST,IST,ISTANBUL,NVI,NVI,ISTANBUL
2239,SAW,IST,ISTANBUL,NVI,NVI,ISTANBUL
1143,ISL,IST,ISTANBUL,NYO,STO,ISTANBUL
1145,IST,IST,ISTANBUL,NYO,STO,ISTANBUL
2239,SAW,IST,ISTANBUL,NYO,STO,ISTANBUL
1143,ISL,IST,ISTANBUL,ODS,ODS,ISTANBUL
1145,IST,IST,ISTANBUL,ODS,ODS,ISTANBUL
2239,SAW,IST,ISTANBUL,ODS,ODS,ISTANBUL
1143,ISL,IST,ISTANBUL,OPO,OPO,ISTANBUL
1145,IST,IST,ISTANBUL,OPO,OPO,ISTANBUL
2239,SAW,IST,ISTANBUL,OPO,OPO,ISTANBUL
1143,ISL,IST,ISTANBUL,ORD,CHI,ISTANBUL
1145,IST,IST,ISTANBUL,ORD,CHI,ISTANBUL
2239,SAW,IST,ISTANBUL,ORD,CHI,ISTANBUL
1143,ISL,IST,ISTANBUL,ORN,ORN,ISTANBUL
1145,IST,IST,ISTANBUL,ORN,ORN,ISTANBUL
2239,SAW,IST,ISTANBUL,ORN,ORN,ISTANBUL
1143,ISL,IST,ISTANBUL,ORY,PAR,ISTANBUL
1145,IST,IST,ISTANBUL,ORY,PAR,ISTANBUL
2239,SAW,IST,ISTANBUL,ORY,PAR,ISTANBUL
1143,ISL,IST,ISTANBUL,OSL,OSL,ISTANBUL
1145,IST,IST,ISTANBUL,OSL,OSL,ISTANBUL
2239,SAW,IST,ISTANBUL,OSL,OSL,ISTANBUL
1143,ISL,IST,ISTANBUL,OTP,BUH,ISTANBUL
1145,IST,IST,ISTANBUL,OTP,BUH,ISTANBUL
2239,SAW,IST,ISTANBUL,OTP,BUH,ISTANBUL
1143,ISL,IST,ISTANBUL,PEK,BJS,ISTANBUL
1145,IST,IST,ISTANBUL,PEK,BJS,ISTANBUL
2239,SAW,IST,ISTANBUL,PEK,BJS,ISTANBUL
1143,ISL,IST,ISTANBUL,PER,PER,ISTANBUL
1145,IST,IST,ISTANBUL,PER,PER,ISTANBUL
2239,SAW,IST,ISTANBUL,PER,PER,ISTANBUL
1143,ISL,IST,ISTANBUL,PHL,PHL,ISTANBUL
1145,IST,IST,ISTANBUL,PHL,PHL,ISTANBUL
2239,SAW,IST,ISTANBUL,PHL,PHL,ISTANBUL
1143,ISL,IST,ISTANBUL,PIK,GLA,ISTANBUL
1145,IST,IST,ISTANBUL,PIK,GLA,ISTANBUL
2239,SAW,IST,ISTANBUL,PIK,GLA,ISTANBUL
1143,ISL,IST,ISTANBUL,PMF,MIL,ISTANBUL
1145,IST,IST,ISTANBUL,PMF,MIL,ISTANBUL
2239,SAW,IST,ISTANBUL,PMF,MIL,ISTANBUL
1143,ISL,IST,ISTANBUL,PNH,PNH,ISTANBUL
1145,IST,IST,ISTANBUL,PNH,PNH,ISTANBUL
2239,SAW,IST,ISTANBUL,PNH,PNH,ISTANBUL
1143,ISL,IST,ISTANBUL,PNS,PNS,ISTANBUL
1145,IST,IST,ISTANBUL,PNS,PNS,ISTANBUL
2239,SAW,IST,ISTANBUL,PNS,PNS,ISTANBUL
1143,ISL,IST,ISTANBUL,PRG,PRG,ISTANBUL
1145,IST,IST,ISTANBUL,PRG,PRG,ISTANBUL
2239,SAW,IST,ISTANBUL,PRG,PRG,ISTANBUL
1143,ISL,IST,ISTANBUL,PSA,PSA,ISTANBUL
1145,IST,IST,ISTANBUL,PSA,PSA,ISTANBUL
2239,SAW,IST,ISTANBUL,PSA,PSA,ISTANBUL
1143,ISL,IST,ISTANBUL,PVG,SHA,ISTANBUL
1145,IST,IST,ISTANBUL,PVG,SHA,ISTANBUL
2239,SAW,IST,ISTANBUL,PVG,SHA,ISTANBUL
1143,ISL,IST,ISTANBUL,RDU,RDU,ISTANBUL
1145,IST,IST,ISTANBUL,RDU,RDU,ISTANBUL
2239,SAW,IST,ISTANBUL,RDU,RDU,ISTANBUL
1143,ISL,IST,ISTANBUL,RGN,RGN,ISTANBUL
1145,IST,IST,ISTANBUL,RGN,RGN,ISTANBUL
2239,SAW,IST,ISTANBUL,RGN,RGN,ISTANBUL
1143,ISL,IST,ISTANBUL,RIX,RIX,ISTANBUL
1145,IST,IST,ISTANBUL,RIX,RIX,ISTANBUL
2239,SAW,IST,ISTANBUL,RIX,RIX,ISTANBUL
1143,ISL,IST,ISTANBUL,RNS,RNS,ISTANBUL
1145,IST,IST,ISTANBUL,RNS,RNS,ISTANBUL
2239,SAW,IST,ISTANBUL,RNS,RNS,ISTANBUL
1143,ISL,IST,ISTANBUL,ROV,ROV,ISTANBUL
1145,IST,IST,ISTANBUL,ROV,ROV,ISTANBUL
2239,SAW,IST,ISTANBUL,ROV,ROV,ISTANBUL
1143,ISL,IST,ISTANBUL,RUH,RUH,ISTANBUL
1145,IST,IST,ISTANBUL,RUH,RUH,ISTANBUL
2239,SAW,IST,ISTANBUL,RUH,RUH,ISTANBUL
1143,ISL,IST,ISTANBUL,SAL,SAL,ISTANBUL
1145,IST,IST,ISTANBUL,SAL,SAL,ISTANBUL
2239,SAW,IST,ISTANBUL,SAL,SAL,ISTANBUL
1143,ISL,IST,ISTANBUL,SAW,IST,ISTANBUL
1145,IST,IST,ISTANBUL,SAW,IST,ISTANBUL
2239,SAW,IST,ISTANBUL,SAW,IST,ISTANBUL
1143,ISL,IST,ISTANBUL,SCK,SAC,ISTANBUL
1145,IST,IST,ISTANBUL,SCK,SAC,ISTANBUL
2239,SAW,IST,ISTANBUL,SCK,SAC,ISTANBUL
1143,ISL,IST,ISTANBUL,SCL,SCL,ISTANBUL
1145,IST,IST,ISTANBUL,SCL,SCL,ISTANBUL
2239,SAW,IST,ISTANBUL,SCL,SCL,ISTANBUL
1143,ISL,IST,ISTANBUL,SDU,RIO,ISTANBUL
1145,IST,IST,ISTANBUL,SDU,RIO,ISTANBUL
2239,SAW,IST,ISTANBUL,SDU,RIO,ISTANBUL
1143,ISL,IST,ISTANBUL,SEA,SEA,ISTANBUL
1145,IST,IST,ISTANBUL,SEA,SEA,ISTANBUL
2239,SAW,IST,ISTANBUL,SEA,SEA,ISTANBUL
1143,ISL,IST,ISTANBUL,SEZ,SEZ,ISTANBUL
1145,IST,IST,ISTANBUL,SEZ,SEZ,ISTANBUL
2239,SAW,IST,ISTANBUL,SEZ,SEZ,ISTANBUL
1143,ISL,IST,ISTANBUL,SFB,ORL,ISTANBUL
1145,IST,IST,ISTANBUL,SFB,ORL,ISTANBUL
2239,SAW,IST,ISTANBUL,SFB,ORL,ISTANBUL
1143,ISL,IST,ISTANBUL,SFO,SFO,ISTANBUL
1145,IST,IST,ISTANBUL,SFO,SFO,ISTANBUL
2239,SAW,IST,ISTANBUL,SFO,SFO,ISTANBUL
1143,ISL,IST,ISTANBUL,SGN,SGN,ISTANBUL
1145,IST,IST,ISTANBUL,SGN,SGN,ISTANBUL
2239,SAW,IST,ISTANBUL,SGN,SGN,ISTANBUL
1143,ISL,IST,ISTANBUL,SHA,SHA,ISTANBUL
1145,IST,IST,ISTANBUL,SHA,SHA,ISTANBUL
2239,SAW,IST,ISTANBUL,SHA,SHA,ISTANBUL
1143,ISL,IST,ISTANBUL,SHJ,SHJ,ISTANBUL
1145,IST,IST,ISTANBUL,SHJ,SHJ,ISTANBUL
2239,SAW,IST,ISTANBUL,SHJ,SHJ,ISTANBUL
1143,ISL,IST,ISTANBUL,SIN,SIN,ISTANBUL
1145,IST,IST,ISTANBUL,SIN,SIN,ISTANBUL
2239,SAW,IST,ISTANBUL,SIN,SIN,ISTANBUL
1143,ISL,IST,ISTANBUL,SJJ,SJJ,ISTANBUL
1145,IST,IST,ISTANBUL,SJJ,SJJ,ISTANBUL
2239,SAW,IST,ISTANBUL,SJJ,SJJ,ISTANBUL
1143,ISL,IST,ISTANBUL,SKG,SKG,ISTANBUL
1145,IST,IST,ISTANBUL,SKG,SKG,ISTANBUL
2239,SAW,IST,ISTANBUL,SKG,SKG,ISTANBUL
1143,ISL,IST,ISTANBUL,SKP,SKP,ISTANBUL
1145,IST,IST,ISTANBUL,SKP,SKP,ISTANBUL
2239,SAW,IST,ISTANBUL,SKP,SKP,ISTANBUL
1143,ISL,IST,ISTANBUL,SMF,SAC,ISTANBUL
1145,IST,IST,ISTANBUL,SMF,SAC,ISTANBUL
2239,SAW,IST,ISTANBUL,SMF,SAC,ISTANBUL
1143,ISL,IST,ISTANBUL,SOF,SOF,ISTANBUL
1145,IST,IST,ISTANBUL,SOF,SOF,ISTANBUL
2239,SAW,IST,ISTANBUL,SOF,SOF,ISTANBUL
1143,ISL,IST,ISTANBUL,STL,STL,ISTANBUL
1145,IST,IST,ISTANBUL,STL,STL,ISTANBUL
2239,SAW,IST,ISTANBUL,STL,STL,ISTANBUL
1143,ISL,IST,ISTANBUL,STN,LON,ISTANBUL
1145,IST,IST,ISTANBUL,STN,LON,ISTANBUL
2239,SAW,IST,ISTANBUL,STN,LON,ISTANBUL
1143,ISL,IST,ISTANBUL,STR,STR,ISTANBUL
1145,IST,IST,ISTANBUL,STR,STR,ISTANBUL
2239,SAW,IST,ISTANBUL,STR,STR,ISTANBUL
1143,ISL,IST,ISTANBUL,SVO,MOW,ISTANBUL
1145,IST,IST,ISTANBUL,SVO,MOW,ISTANBUL
2239,SAW,IST,ISTANBUL,SVO,MOW,ISTANBUL
1143,ISL,IST,ISTANBUL,SVX,SVX,ISTANBUL
1145,IST,IST,ISTANBUL,SVX,SVX,ISTANBUL
2239,SAW,IST,ISTANBUL,SVX,SVX,ISTANBUL
1143,ISL,IST,ISTANBUL,SXB,SXB,ISTANBUL
1145,IST,IST,ISTANBUL,SXB,SXB,ISTANBUL
2239,SAW,IST,ISTANBUL,SXB,SXB,ISTANBUL
1143,ISL,IST,ISTANBUL,SXF,BER,ISTANBUL
1145,IST,IST,ISTANBUL,SXF,BER,ISTANBUL
2239,SAW,IST,ISTANBUL,SXF,BER,ISTANBUL
1143,ISL,IST,ISTANBUL,SYD,SYD,ISTANBUL
1145,IST,IST,ISTANBUL,SYD,SYD,ISTANBUL
2239,SAW,IST,ISTANBUL,SYD,SYD,ISTANBUL
1143,ISL,IST,ISTANBUL,SZB,KUL,ISTANBUL
1145,IST,IST,ISTANBUL,SZB,KUL,ISTANBUL
2239,SAW,IST,ISTANBUL,SZB,KUL,ISTANBUL
1143,ISL,IST,ISTANBUL,SZG,SZG,ISTANBUL
1145,IST,IST,ISTANBUL,SZG,SZG,ISTANBUL
2239,SAW,IST,ISTANBUL,SZG,SZG,ISTANBUL
1143,ISL,IST,ISTANBUL,TAO,TAO,ISTANBUL
1145,IST,IST,ISTANBUL,TAO,TAO,ISTANBUL
2239,SAW,IST,ISTANBUL,TAO,TAO,ISTANBUL
1143,ISL,IST,ISTANBUL,TAS,TAS,ISTANBUL
1145,IST,IST,ISTANBUL,TAS,TAS,ISTANBUL
2239,SAW,IST,ISTANBUL,TAS,TAS,ISTANBUL
1143,ISL,IST,ISTANBUL,TBS,TBS,ISTANBUL
1145,IST,IST,ISTANBUL,TBS,TBS,ISTANBUL
2239,SAW,IST,ISTANBUL,TBS,TBS,ISTANBUL
1143,ISL,IST,ISTANBUL,TGD,TGD,ISTANBUL
1145,IST,IST,ISTANBUL,TGD,TGD,ISTANBUL
2239,SAW,IST,ISTANBUL,TGD,TGD,ISTANBUL
1143,ISL,IST,ISTANBUL,TIA,TIA,ISTANBUL
1145,IST,IST,ISTANBUL,TIA,TIA,ISTANBUL
2239,SAW,IST,ISTANBUL,TIA,TIA,ISTANBUL
1143,ISL,IST,ISTANBUL,TLL,TLL,ISTANBUL
1145,IST,IST,ISTANBUL,TLL,TLL,ISTANBUL
2239,SAW,IST,ISTANBUL,TLL,TLL,ISTANBUL
1143,ISL,IST,ISTANBUL,TLS,TLS,ISTANBUL
1145,IST,IST,ISTANBUL,TLS,TLS,ISTANBUL
2239,SAW,IST,ISTANBUL,TLS,TLS,ISTANBUL
1143,ISL,IST,ISTANBUL,TLV,TLV,ISTANBUL
1145,IST,IST,ISTANBUL,TLV,TLV,ISTANBUL
2239,SAW,IST,ISTANBUL,TLV,TLV,ISTANBUL
1143,ISL,IST,ISTANBUL,TNR,TNR,ISTANBUL
1145,IST,IST,ISTANBUL,TNR,TNR,ISTANBUL
2239,SAW,IST,ISTANBUL,TNR,TNR,ISTANBUL
1143,ISL,IST,ISTANBUL,TPA,TPA,ISTANBUL
1145,IST,IST,ISTANBUL,TPA,TPA,ISTANBUL
2239,SAW,IST,ISTANBUL,TPA,TPA,ISTANBUL
1143,ISL,IST,ISTANBUL,TPE,TPE,ISTANBUL
1145,IST,IST,ISTANBUL,TPE,TPE,ISTANBUL
2239,SAW,IST,ISTANBUL,TPE,TPE,ISTANBUL
1143,ISL,IST,ISTANBUL,TRF,OSL,ISTANBUL
1145,IST,IST,ISTANBUL,TRF,OSL,ISTANBUL
2239,SAW,IST,ISTANBUL,TRF,OSL,ISTANBUL
1143,ISL,IST,ISTANBUL,TSA,TPE,ISTANBUL
1145,IST,IST,ISTANBUL,TSA,TPE,ISTANBUL
2239,SAW,IST,ISTANBUL,TSA,TPE,ISTANBUL
1143,ISL,IST,ISTANBUL,TSF,VCE,ISTANBUL
1145,IST,IST,ISTANBUL,TSF,VCE,ISTANBUL
2239,SAW,IST,ISTANBUL,TSF,VCE,ISTANBUL
1143,ISL,IST,ISTANBUL,TSN,TSN,ISTANBUL
1145,IST,IST,ISTANBUL,TSN,TSN,ISTANBUL
2239,SAW,IST,ISTANBUL,TSN,TSN,ISTANBUL
1143,ISL,IST,ISTANBUL,TTN,PHL,ISTANBUL
1145,IST,IST,ISTANBUL,TTN,PHL,ISTANBUL
2239,SAW,IST,ISTANBUL,TTN,PHL,ISTANBUL
1143,ISL,IST,ISTANBUL,TUN,TUN,ISTANBUL
1145,IST,IST,ISTANBUL,TUN,TUN,ISTANBUL
2239,SAW,IST,ISTANBUL,TUN,TUN,ISTANBUL
1143,ISL,IST,ISTANBUL,TXL,BER,ISTANBUL
1145,IST,IST,ISTANBUL,TXL,BER,ISTANBUL
2239,SAW,IST,ISTANBUL,TXL,BER,ISTANBUL
1143,ISL,IST,ISTANBUL,UFA,UFA,ISTANBUL
1145,IST,IST,ISTANBUL,UFA,UFA,ISTANBUL
2239,SAW,IST,ISTANBUL,UFA,UFA,ISTANBUL
1143,ISL,IST,ISTANBUL,VAR,VAR,ISTANBUL
1145,IST,IST,ISTANBUL,VAR,VAR,ISTANBUL
2239,SAW,IST,ISTANBUL,VAR,VAR,ISTANBUL
1143,ISL,IST,ISTANBUL,VCE,VCE,ISTANBUL
1145,IST,IST,ISTANBUL,VCE,VCE,ISTANBUL
2239,SAW,IST,ISTANBUL,VCE,VCE,ISTANBUL
1143,ISL,IST,ISTANBUL,VCP,SAO,ISTANBUL
1145,IST,IST,ISTANBUL,VCP,SAO,ISTANBUL
2239,SAW,IST,ISTANBUL,VCP,SAO,ISTANBUL
1143,ISL,IST,ISTANBUL,VIE,VIE,ISTANBUL
1145,IST,IST,ISTANBUL,VIE,VIE,ISTANBUL
2239,SAW,IST,ISTANBUL,VIE,VIE,ISTANBUL
1143,ISL,IST,ISTANBUL,VKO,MOW,ISTANBUL
1145,IST,IST,ISTANBUL,VKO,MOW,ISTANBUL
2239,SAW,IST,ISTANBUL,VKO,MOW,ISTANBUL
1143,ISL,IST,ISTANBUL,VLC,VLC,ISTANBUL
1145,IST,IST,ISTANBUL,VLC,VLC,ISTANBUL
2239,SAW,IST,ISTANBUL,VLC,VLC,ISTANBUL
1143,ISL,IST,ISTANBUL,VNO,VNO,ISTANBUL
1145,IST,IST,ISTANBUL,VNO,VNO,ISTANBUL
2239,SAW,IST,ISTANBUL,VNO,VNO,ISTANBUL
1143,ISL,IST,ISTANBUL,VST,STO,ISTANBUL
1145,IST,IST,ISTANBUL,VST,STO,ISTANBUL
2239,SAW,IST,ISTANBUL,VST,STO,ISTANBUL
1143,ISL,IST,ISTANBUL,WAW,WAW,ISTANBUL
1145,IST,IST,ISTANBUL,WAW,WAW,ISTANBUL
2239,SAW,IST,ISTANBUL,WAW,WAW,ISTANBUL
1143,ISL,IST,ISTANBUL,WIL,NBO,ISTANBUL
1145,IST,IST,ISTANBUL,WIL,NBO,ISTANBUL
2239,SAW,IST,ISTANBUL,WIL,NBO,ISTANBUL
1143,ISL,IST,ISTANBUL,YEG,YEA,ISTANBUL
1145,IST,IST,ISTANBUL,YEG,YEA,ISTANBUL
2239,SAW,IST,ISTANBUL,YEG,YEA,ISTANBUL
1143,ISL,IST,ISTANBUL,YHU,YMQ,ISTANBUL
1145,IST,IST,ISTANBUL,YHU,YMQ,ISTANBUL
2239,SAW,IST,ISTANBUL,YHU,YMQ,ISTANBUL
1143,ISL,IST,ISTANBUL,YMX,YMQ,ISTANBUL
1145,IST,IST,ISTANBUL,YMX,YMQ,ISTANBUL
2239,SAW,IST,ISTANBUL,YMX,YMQ,ISTANBUL
1143,ISL,IST,ISTANBUL,YNT,YNT,ISTANBUL
1145,IST,IST,ISTANBUL,YNT,YNT,ISTANBUL
2239,SAW,IST,ISTANBUL,YNT,YNT,ISTANBUL
1143,ISL,IST,ISTANBUL,YTZ,YTO,ISTANBUL
1145,IST,IST,ISTANBUL,YTZ,YTO,ISTANBUL
2239,SAW,IST,ISTANBUL,YTZ,YTO,ISTANBUL
1143,ISL,IST,ISTANBUL,YUL,YMQ,ISTANBUL
1145,IST,IST,ISTANBUL,YUL,YMQ,ISTANBUL
2239,SAW,IST,ISTANBUL,YUL,YMQ,ISTANBUL
1143,ISL,IST,ISTANBUL,YYC,YYC,ISTANBUL
1145,IST,IST,ISTANBUL,YYC,YYC,ISTANBUL
2239,SAW,IST,ISTANBUL,YYC,YYC,ISTANBUL
1143,ISL,IST,ISTANBUL,YYZ,YTO,ISTANBUL
1145,IST,IST,ISTANBUL,YYZ,YTO,ISTANBUL
2239,SAW,IST,ISTANBUL,YYZ,YTO,ISTANBUL
1143,ISL,IST,ISTANBUL,ZAG,ZAG,ISTANBUL
1145,IST,IST,ISTANBUL,ZAG,ZAG,ISTANBUL
2239,SAW,IST,ISTANBUL,ZAG,ZAG,ISTANBUL
1143,ISL,IST,ISTANBUL,ZAZ,ZAZ,ISTANBUL
1145,IST,IST,ISTANBUL,ZAZ,ZAZ,ISTANBUL
2239,SAW,IST,ISTANBUL,ZAZ,ZAZ,ISTANBUL
1143,ISL,IST,ISTANBUL,ZIA,MOW,ISTANBUL
1145,IST,IST,ISTANBUL,ZIA,MOW,ISTANBUL
2239,SAW,IST,ISTANBUL,ZIA,MOW,ISTANBUL
1143,ISL,IST,ISTANBUL,ZNZ,ZNZ,ISTANBUL
1145,IST,IST,ISTANBUL,ZNZ,ZNZ,ISTANBUL
2239,SAW,IST,ISTANBUL,ZNZ,ZNZ,ISTANBUL
1143,ISL,IST,ISTANBUL,ZRH,ZRH,ISTANBUL
1145,IST,IST,ISTANBUL,ZRH,ZRH,ISTANBUL
2239,SAW,IST,ISTANBUL,ZRH,ZRH,ISTANBUL
